<?xml version="1.0" encoding="UTF-8"?>
<con:soapui-project activeEnvironment="Default" name="ActiveMQRESTAPI" resourceRoot="" soapui-version="5.1.1" id="6b6a0258-825c-4c09-8947-d96b43665c86" xmlns:con="http://eviware.com/soapui/config"><con:settings/><con:interface xsi:type="con:RestService" wadlVersion="http://wadl.dev.java.net/2009/02" name="http://localhost:8161" type="rest" id="2ef8b313-1447-403a-97ea-c164075983bb" xmlns:xsi="http://www.w3.org/2001/XMLSchema-instance"><con:settings/><con:definitionCache type="TEXT" rootPart=""/><con:endpoints><con:endpoint>http://localhost:8161</con:endpoint></con:endpoints><con:resource name="Testqueue" path="/api/message/testqueue" id="f8a56287-6a47-4210-aad0-baa998ba3179"><con:settings/><con:parameters><con:parameter><con:name>type</con:name><con:value>queue</con:value><con:style>QUERY</con:style><con:default>queue</con:default><con:path xsi:nil="true"/><con:description xsi:nil="true"/></con:parameter><con:parameter><con:name>clientId</con:name><con:value>soapui</con:value><con:style>QUERY</con:style><con:default>soapui</con:default><con:path xsi:nil="true"/><con:description xsi:nil="true"/></con:parameter><con:parameter><con:name>requestTimeout</con:name><con:value>1000</con:value><con:style>QUERY</con:style><con:default>1000</con:default><con:path xsi:nil="true"/><con:description xsi:nil="true"/></con:parameter></con:parameters><con:method name="consume message" method="GET" id="b3528c5a-b998-4c30-ad88-223ebc598f5d"><con:settings/><con:parameters/><con:representation type="FAULT"><con:mediaType>text/html;charset=ISO-8859-1</con:mediaType><con:status>401</con:status><con:params/><con:element>html</con:element></con:representation><con:representation type="RESPONSE"><con:mediaType>application/xml;charset=ISO-8859-1</con:mediaType><con:status>200</con:status><con:params/><con:element>data</con:element></con:representation><con:representation type="RESPONSE"><con:mediaType xsi:nil="true"/><con:status>204</con:status><con:params/><con:element>data</con:element></con:representation><con:request name="Request 1" mediaType="application/json" postQueryString="false" id="53543b98-778b-46f6-8724-56fa02cd7569"><con:settings><con:setting id="com.eviware.soapui.impl.wsdl.WsdlRequest@request-headers">&lt;xml-fragment/></con:setting></con:settings><con:endpoint>http://localhost:8161</con:endpoint><con:request/><con:originalUri>http://localhost/api/message/testqueue</con:originalUri><con:credentials><con:username>admin</con:username><con:password>admin</con:password><con:selectedAuthProfile>Basic</con:selectedAuthProfile><con:addedBasicAuthenticationTypes>Basic</con:addedBasicAuthenticationTypes><con:authType>Global HTTP Settings</con:authType></con:credentials><con:jmsConfig JMSDeliveryMode="PERSISTENT"/><con:jmsPropertyConfig/><con:parameters/><con:parameterOrder><con:entry>type</con:entry><con:entry>clientId</con:entry><con:entry>requestTimeout</con:entry></con:parameterOrder></con:request></con:method><con:method name="publish message" method="POST" id="ce87c204-4ac2-4293-8798-0bda16884374"><con:settings/><con:parameters/><con:representation type="RESPONSE"><con:mediaType xsi:nil="true"/><con:status>200</con:status><con:params/><con:element>data</con:element></con:representation><con:representation type="REQUEST"><con:mediaType>text/xml</con:mediaType><con:params/><con:element>Invoice</con:element></con:representation><con:representation type="RESPONSE"><con:mediaType xsi:nil="true"/><con:status>200</con:status><con:params/><con:element>data</con:element></con:representation><con:representation type="RESPONSE"><con:mediaType xsi:nil="true"/><con:status>200</con:status><con:params/><con:element>data</con:element></con:representation><con:representation type="RESPONSE"><con:mediaType xsi:nil="true"/><con:status>200</con:status><con:params/><con:element>data</con:element></con:representation><con:representation type="RESPONSE"><con:mediaType xsi:nil="true"/><con:status>200</con:status><con:params/><con:element>data</con:element></con:representation><con:representation type="RESPONSE"><con:mediaType xsi:nil="true"/><con:status>200</con:status><con:params/><con:element>data</con:element></con:representation><con:representation type="RESPONSE"><con:mediaType xsi:nil="true"/><con:status>200</con:status><con:params/><con:element>data</con:element></con:representation><con:representation type="RESPONSE"><con:mediaType xsi:nil="true"/><con:status>200</con:status><con:params/><con:element>data</con:element></con:representation><con:request name="Request 1" mediaType="text/xml" postQueryString="false" id="4452b2e9-fb6a-4de3-bd31-c5fccd02f2e2"><con:settings><con:setting id="com.eviware.soapui.impl.wsdl.WsdlRequest@request-headers">&lt;xml-fragment/></con:setting></con:settings><con:endpoint>http://localhost:8161</con:endpoint><con:request><![CDATA[<Invoice>
<invoiceNo>12345</invoiceNo>
<company>Test Company3</company>
<amount>100</amount>
</Invoice>
]]></con:request><con:originalUri>http://localhost/api/message/testqueue</con:originalUri><con:credentials><con:username>admin</con:username><con:password>admin</con:password><con:selectedAuthProfile>Basic</con:selectedAuthProfile><con:addedBasicAuthenticationTypes>Basic</con:addedBasicAuthenticationTypes><con:authType>Global HTTP Settings</con:authType></con:credentials><con:jmsConfig JMSDeliveryMode="PERSISTENT"/><con:jmsPropertyConfig/><con:parameters/></con:request></con:method></con:resource></con:interface><con:testSuite id="d5a0dbf1-a2e0-4469-9dbe-05f74841b253" name="TestSuite"><con:settings/><con:runType>SEQUENTIAL</con:runType><con:testCase id="7e9c8924-041f-4a77-a403-74881f880b5a" failOnError="true" failTestCaseOnErrors="true" keepSession="false" maxResults="0" name="TestCase" searchProperties="true"><con:settings/><con:testStep type="restrequest" name="consume message - Request 1" id="58e66972-1921-4707-980c-9434d34086e5"><con:settings/><con:config service="http://localhost:8161" resourcePath="/api/message/testqueue" methodName="consume message" xsi:type="con:RestRequestStep" xmlns:xsi="http://www.w3.org/2001/XMLSchema-instance"><con:restRequest name="consume message - Request 1" mediaType="application/json" postQueryString="false" id="53543b98-778b-46f6-8724-56fa02cd7569"><con:settings><con:setting id="com.eviware.soapui.impl.wsdl.WsdlRequest@request-headers">&lt;xml-fragment/></con:setting></con:settings><con:endpoint>http://localhost:8161</con:endpoint><con:request/><con:originalUri>http://localhost/api/message/testqueue</con:originalUri><con:assertion type="Simple Contains" id="016fb6b8-84b4-4bd9-ad1c-1f997b740d9d" name="Contains"><con:configuration><token>&lt;invoiceNo>12345&lt;/invoiceNo></token><ignoreCase>false</ignoreCase><useRegEx>false</useRegEx></con:configuration></con:assertion><con:assertion type="XPath Match" id="260871a4-03ac-4e32-885c-dc3015cdd2d9" name="XPath Match"><con:configuration><path>//Invoice[1]/company[1]</path><content>Test Company3</content><allowWildcards>false</allowWildcards><ignoreNamspaceDifferences>false</ignoreNamspaceDifferences><ignoreComments>false</ignoreComments></con:configuration></con:assertion><con:credentials><con:username>admin</con:username><con:password>admin</con:password><con:selectedAuthProfile>Basic</con:selectedAuthProfile><con:addedBasicAuthenticationTypes>Basic</con:addedBasicAuthenticationTypes><con:authType>Global HTTP Settings</con:authType></con:credentials><con:jmsConfig JMSDeliveryMode="PERSISTENT"/><con:jmsPropertyConfig/><con:parameters/><con:parameterOrder><con:entry>type</con:entry><con:entry>clientId</con:entry><con:entry>requestTimeout</con:entry></con:parameterOrder></con:restRequest></con:config></con:testStep><con:properties/><con:reportParameters/></con:testCase><con:properties/><con:reportParameters/></con:testSuite><con:requirements/><con:properties/><con:wssContainer/><con:databaseConnectionContainer/><con:oAuth2ProfileContainer/><con:reporting><con:xmlTemplates/><con:parameters/></con:reporting><con:sensitiveInformation/></con:soapui-project>