<?xml version="1.0" encoding="UTF-8"?>
<con:soapui-project id="e5a7ab87-0442-41ce-ac3a-27720e7f77c9" activeEnvironment="Default" name="PropertiesProject" resourceRoot="" soapui-version="5.1.1" xmlns:con="http://eviware.com/soapui/config"><con:settings/><con:testSuite id="962a076e-5ce4-4996-b19c-d937604733e4" name="TestSuite"><con:settings/><con:runType>SEQUENTIAL</con:runType><con:testCase id="1b104b1c-fc1e-477a-bb02-3ebd688da876" failOnError="true" failTestCaseOnErrors="true" keepSession="false" maxResults="0" name="TestCase" searchProperties="true"><con:settings/><con:testStep type="properties" name="LoadProperties" id="e5e8bc6f-1582-466d-abe8-b6ca475e2670"><con:settings/><con:config xsi:type="con:PropertiesStep" saveFirst="true" xmlns:xsi="http://www.w3.org/2001/XMLSchema-instance"><con:source>${#Project#propertiesFile}</con:source><con:properties><con:property><con:name>environmentName</con:name><con:value>Dev Test</con:value></con:property><con:property><con:name>invoiceEndpoint</con:name><con:value>http://localhost:9000</con:value></con:property><con:property><con:name>userName</con:name><con:value>test</con:value></con:property><con:property><con:name>password</con:name><con:value>password</con:value></con:property></con:properties></con:config></con:testStep><con:testStep type="groovy" name="UseProperties" id="9ca81d10-3fd0-41cb-83df-e1e9be6254c4"><con:settings/><con:config><script>def propertiesFile = context.expand('${#Project#propertiesFile}')
def environmentName = context.expand('${LoadProperties#environmentName}')
def invoiceEndpoint = context.expand('${LoadProperties#invoiceEndpoint}')
def userName = context.expand('${LoadProperties#userName}')
def password = context.expand('${LoadProperties#password}')

return "propertiesFile: ${propertiesFile} environmentName: ${environmentName} invoiceEndpoint=${invoiceEndpoint} userName=${userName} password=${password}"</script></con:config></con:testStep><con:properties/><con:reportParameters/></con:testCase><con:properties/><con:reportParameters/></con:testSuite><con:requirements/><con:properties><con:property><con:name>propertiesFile</con:name><con:value>/soapui-cookbook/chapter2/test-properties.txt</con:value></con:property></con:properties><con:wssContainer/><con:databaseConnectionContainer/><con:oAuth2ProfileContainer/><con:reporting><con:reportTemplates/><con:xmlTemplates/><con:parameters/></con:reporting><con:sensitiveInformation/></con:soapui-project>