<beans xmlns="http://www.springframework.org/schema/beans"
       xmlns:xsi="http://www.w3.org/2001/XMLSchema-instance"
       xmlns:context="http://www.springframework.org/schema/context"
       xsi:schemaLocation="
http://www.springframework.org/schema/beans http://www.springframework.org/schema/beans/spring-beans-2.5.xsd
http://www.springframework.org/schema/context http://www.springframework.org/schema/context/spring-context-2.5.xsd">

    <!--  Autowiring support (spring 2.5+)  -->
    <!--
        The AutowiredAnnotationBeanPostProcessor and CommonAnnotationBeanPostProcessor are both
        included implicitly when using the component-scan element.
        That means that the two components are autodetected and  wired together
    -->
    <context:component-scan base-package="com.sun.jersey.samples.springannotations"/>
    
    <!-- The following beans are just defined here so that they are initialized somehow... -->
    <bean id="item1" class="com.sun.jersey.samples.springannotations.model.Item" scope="prototype">
        <property name="value" value="foo" />
    </bean>
    
    <bean id="item2_1" class="com.sun.jersey.samples.springannotations.model.Item2" scope="prototype">
        <qualifier value="1" />
        <property name="value" value="bar" />
    </bean>
    
    <bean id="item2_2" class="com.sun.jersey.samples.springannotations.model.Item2" scope="prototype">
        <qualifier value="2" />
        <property name="value" value="baz" />
    </bean>

</beans>