<?xml version="1.0" encoding="UTF-8"?>
<actions>
    <action>
        <actionName>run</actionName>
        <goals>
            <goal>process-classes</goal>
            <goal>exec:java</goal>
        </goals>
    </action>
    <action>
        <actionName>debug</actionName>
        <goals>
            <goal>process-classes</goal>
            <goal>exec:java</goal>
        </goals>
        <properties>
            <jpda.listen>true</jpda.listen>
            <Env.MAVEN_OPTS>-Xdebug -Djava.compiler=none -Xnoagent -Xrunjdwp:transport=dt_socket,server=n,address=${jpda.address}</Env.MAVEN_OPTS>
        </properties>
    </action>
</actions>
